<?xml version="1.0" encoding="UTF-8"?>

<mule xmlns:file="http://www.mulesoft.org/schema/mule/file" xmlns:dw="http://www.mulesoft.org/schema/mule/ee/dw" xmlns:metadata="http://www.mulesoft.org/schema/mule/metadata" xmlns="http://www.mulesoft.org/schema/mule/core" xmlns:doc="http://www.mulesoft.org/schema/mule/documentation"
	xmlns:spring="http://www.springframework.org/schema/beans" 
	xmlns:xsi="http://www.w3.org/2001/XMLSchema-instance"
	xsi:schemaLocation="http://www.springframework.org/schema/beans http://www.springframework.org/schema/beans/spring-beans-current.xsd
http://www.mulesoft.org/schema/mule/core http://www.mulesoft.org/schema/mule/core/current/mule.xsd
http://www.mulesoft.org/schema/mule/file http://www.mulesoft.org/schema/mule/file/current/mule-file.xsd
http://www.mulesoft.org/schema/mule/ee/dw http://www.mulesoft.org/schema/mule/ee/dw/current/dw.xsd">
    <flow name="fileconnectorexampleFlow">
        <file:inbound-endpoint path="C:\Users\nitikgar\Desktop\Source" moveToDirectory="C:\Users\nitikgar\Desktop\Backup" responseTimeout="10000" doc:name="File_Source"/>
        <dw:transform-message doc:name="Transform Message" metadata:id="c27a7c7a-2713-4723-8458-d86e16704ad3">
            <dw:input-payload mimeType="application/xlsx"/>
            <dw:set-payload><![CDATA[%dw 1.0
%output application/csv
---
payload.Sheet1 map ((sheet1 , indexOfSheet1) -> {
	column_0: sheet1.Employee_ID,
	column_1: sheet1.Employee_Name,
	column_2: sheet1.Designation
})]]></dw:set-payload>
        </dw:transform-message>
        <file:outbound-endpoint path="C:\Users\nitikgar\Desktop\Destination" responseTimeout="10000" doc:name="File_Destination"/>
    </flow>
</mule>
