<?xml version="1.0" encoding="UTF-8"?>

<mule xmlns:http="http://www.mulesoft.org/schema/mule/http" xmlns:ws="http://www.mulesoft.org/schema/mule/ws"
	xmlns="http://www.mulesoft.org/schema/mule/core" xmlns:doc="http://www.mulesoft.org/schema/mule/documentation"
	xmlns:spring="http://www.springframework.org/schema/beans" 
	xmlns:xsi="http://www.w3.org/2001/XMLSchema-instance"
	xsi:schemaLocation="http://www.mulesoft.org/schema/mule/ws http://www.mulesoft.org/schema/mule/ws/current/mule-ws.xsd
http://www.springframework.org/schema/beans http://www.springframework.org/schema/beans/spring-beans-current.xsd
http://www.mulesoft.org/schema/mule/core http://www.mulesoft.org/schema/mule/core/current/mule.xsd
http://www.mulesoft.org/schema/mule/http http://www.mulesoft.org/schema/mule/http/current/mule-http.xsd">
    <ws:consumer-config name="Web_Service_Consumer" wsdlLocation="WSPrimaShipment.wsdl" service="WSPrimaShipment" port="WSPrimaShipmentSoap12" serviceAddress="${ws.prima-shipment.url}" doc:name="Web Service Consumer" connectorConfig="HTTP_Request_Configuration"/>
    <http:request-config name="HTTP_Request_Configuration" protocol="${ws.prima-shipment.protocol}" responseTimeout="${ws.prima-shipment.timeOut}" doc:name="HTTP Request Configuration" connectionIdleTimeout="${ws.prima-shipment.connection.timeOut}"/>

<flow name="shipment-flow">
        <ws:consumer config-ref="Web_Service_Consumer" operation="CreateShipment" doc:name="Create Shipment"/>
        <set-variable variableName="retryFlag" value="F" doc:name="Retry Flag"/>
        <exception-strategy ref="GlobalExceptionStrategy" doc:name="Reference Exception Strategy"/>
    </flow>
    <flow name="booking-flow">
        <ws:consumer config-ref="Web_Service_Consumer" doc:name="Create Booking" operation="CreateBooking"/>
        <set-variable variableName="retryFlag" value="F" doc:name="Retry Flag"/>
        <exception-strategy ref="GlobalExceptionStrategy" doc:name="Reference Exception Strategy"/>
    </flow>
    <flow name="status-flow">
        <ws:consumer config-ref="Web_Service_Consumer" operation="ShipmentStatus" doc:name="Shipment Status"/>
        <set-variable variableName="retryFlag" value="F" doc:name="retryFlag"/>
        <exception-strategy ref="GlobalExceptionStrategy" doc:name="Reference Exception Strategy"/>
    </flow>
</mule>
