{
	"shipment": {
		"datas": {
			
			"datas": {
				"consignmentNo": "2052611",
				"actualWeight": "1",
				"actualVolume": "0",
				"totalPackages": "1",
				"packageType": "C",
				"packingDesc": "Colle",
				"collectionDate": "16012019",
				"collectionTime": "0000"


			},
			"address": {
				"addressType": "M",
				"addrLine1": "VIA TRIONFALE 7211",
				"postCode": "00135",
				"phone1": "0635502332",
				"phone2": "000",
				"name": "Negozio TIM     PANTEL SRL",
				"country": "IT",
				"town": "ROMA",
				"province": "RM"
			}
		}
	}
}