{ 
"shipmentResult": {
  "internalCode": "190000055335",
  "errorCode": "Ok",
  "errors":[
    {
    "errorMessage":
    {
      "message":"cccc",
      "errorType":"Generic",
      "sourceText":"cc",
      "fieldName":"address"
        }
        }],

  "itemNo": "1",
  "weight": "00000001",
  "consignmentNo": "2052611",
  "date": "20190116",
  "tntConNo": "RL10312982",
  "warningMessage": "Riferimento fattura non richiesto.",
  "senderName": "NEGOZIO TIM     PANTEL SRL",
  "label":"shipped",
  "address":
    {
    "addressType": "M",
	"addressLine1": "VIA TRIONFALE 7211",
    "addressLine2": "VIA TRIONFALE 7211",
    "addressLine3": "VIA TRIONFALE 7211",
	"zipCode": "00135",
	"phone1": "0635502332",
	"name": "Negozio TIM     PANTEL SRL",
	"country": "IT",
	"town": "ROMA",
	"province": "RM",
    "contactName":"TIM",
    "fax1":"abcd",
    "vatNo":"12334",
    "email":"tim@assurant.com"
    },
  "item":
  {
    "action":"aaxz",
    "itemID":"1234",
    "itemIncrNo":"wds123",
    "barcode":"dscvfvr454tt",
    "itemSequenceNo":"892393892",
    "itemWeight":"12",
    "rowWeight":"122",
    "itemReference":"wd",
    "itemLenght":"122",
    "itemHeight":"344",
    "itemWidth":"2",
    "itemType":"ssd"
    }
  

}
}