{
	"statusResult": {
		"internalCode": "1234",
		"errorCode": "Ok",
		"errors": [{
			"errorMessage": {
				"message": "Error",
				"errorType": "WARN",
				"sourceText": "source",
				"fieldName": "tntConNo"
			}
		}],
		"statusResponseDetail": [{
			"statusResponseType": {
				"tntConNo": "RL10312982",
				"statusCode": "200",
				"statusDescription": "success",
				"statusDate": "170918",
				"error": {
					"message": "Error",
					"errorType": "WARN",
					"sourceText": "source",
					"fieldName": "tntConNo"
				}
			}
		}],
		"firstTimeProposal": "0900"
	}
}
