<?xml version="1.0" encoding="UTF-8"?>

<mule xmlns:http="http://www.mulesoft.org/schema/mule/http" xmlns="http://www.mulesoft.org/schema/mule/core" xmlns:doc="http://www.mulesoft.org/schema/mule/documentation"
	xmlns:spring="http://www.springframework.org/schema/beans" 
	xmlns:xsi="http://www.w3.org/2001/XMLSchema-instance"
	xsi:schemaLocation="http://www.springframework.org/schema/beans http://www.springframework.org/schema/beans/spring-beans-current.xsd
http://www.mulesoft.org/schema/mule/core http://www.mulesoft.org/schema/mule/core/current/mule.xsd
http://www.mulesoft.org/schema/mule/http http://www.mulesoft.org/schema/mule/http/current/mule-http.xsd">
    <http:listener-config name="HTTP_Listener_Configuration" host="0.0.0.0" port="8081" doc:name="HTTP Listener Configuration"/>
    <flow name="flowdemoFlow">
        <http:listener config-ref="HTTP_Listener_Configuration" path="/hello" doc:name="HTTP"/>
        <set-variable variableName="name" value="#[nitika]" doc:name="Variable"/>
        <set-payload value="#[hello world]" doc:name="Set Payload"/>
        <flow-ref name="flowdemoFlow1" doc:name="Flow Reference"/>
        <append-string-transformer message="garg" doc:name="Append String"/>
    </flow>
    <flow name="flowdemoFlow1">
        <append-string-transformer message="nini" doc:name="Append String"/>
    </flow>
</mule>
