<custom__type__definition>
  <version>5.2.0.0</version>
  <typeName class="org.mule.common.metadata.DefaultMetaDataKey">
    <id>flatfile</id>
    <displayName>flatfile</displayName>
    <category>DEFAULT</category>
    <metaDataKeyPropertiesManager>
      <properties>
        <org.mule.common.metadata.key.property.dsql.DsqlFromMetaDataKeyProperty/>
      </properties>
    </metaDataKeyPropertiesManager>
  </typeName>
  <metadataModel class="org.mule.common.metadata.DefaultStructuredMetadataModel">
    <dataType>FLATFILE</dataType>
    <metaDataModelPropertiesManager>
      <properties>
        <org.mule.tooling.metadata.properties.FlatFileTypeProperty>
          <type>FLATFILE</type>
        </org.mule.tooling.metadata.properties.FlatFileTypeProperty>
        <org.mule.tooling.metadata.properties.SchemaPath>
          <schemaPath>C:/Users/nitikgar/Downloads/customers (1).ffd</schemaPath>
        </org.mule.tooling.metadata.properties.SchemaPath>
        <org.mule.tooling.metadata.properties.FlatFileIdent>
          <ident>Customers</ident>
          <identType>STRUCTURE</identType>
        </org.mule.tooling.metadata.properties.FlatFileIdent>
        <org.mule.tooling.metadata.properties.DefinitionEditorModeType>
          <mode>SCHEMA</mode>
          <path>C:\Users\nitikgar\Downloads\customers (1).ffd</path>
        </org.mule.tooling.metadata.properties.DefinitionEditorModeType>
      </properties>
    </metaDataModelPropertiesManager>
    <fields>
      <org.mule.common.metadata.DefaultMetaDataField>
        <name>Data</name>
        <model class="org.mule.common.metadata.DefaultListMetaDataModel">
          <dataType>LIST</dataType>
          <metaDataModelPropertiesManager>
            <properties/>
          </metaDataModelPropertiesManager>
          <model class="org.mule.common.metadata.DefaultStructuredMetadataModel">
            <dataType>FLATFILE</dataType>
            <metaDataModelPropertiesManager>
              <properties/>
            </metaDataModelPropertiesManager>
            <fields>
              <org.mule.common.metadata.DefaultMetaDataField>
                <name>Customer</name>
                <model class="org.mule.common.metadata.DefaultListMetaDataModel">
                  <dataType>LIST</dataType>
                  <metaDataModelPropertiesManager>
                    <properties/>
                  </metaDataModelPropertiesManager>
                  <model class="org.mule.common.metadata.DefaultStructuredMetadataModel">
                    <dataType>FLATFILE</dataType>
                    <metaDataModelPropertiesManager>
                      <properties/>
                    </metaDataModelPropertiesManager>
                    <fields>
                      <org.mule.common.metadata.DefaultMetaDataField>
                        <name>Name</name>
                        <model class="org.mule.common.metadata.DefaultSimpleMetaDataModel">
                          <dataType>STRING</dataType>
                          <metaDataModelPropertiesManager>
                            <properties/>
                          </metaDataModelPropertiesManager>
                        </model>
                        <accessType>READ_WRITE</accessType>
                        <metaDataFieldPropertyManager>
                          <properties>
                            <org.mule.common.metadata.field.property.dsql.DsqlSelectMetaDataFieldProperty/>
                            <org.mule.common.metadata.field.property.dsql.DsqlWhereMetaDataFieldProperty/>
                            <org.mule.common.metadata.field.property.dsql.DsqlOrderMetaDataFieldProperty/>
                            <org.mule.common.metadata.field.property.dsql.DsqlQueryOperatorsMetaDataFieldProperty>
                              <supportedOperators>
                                <org.mule.common.query.expression.LessOperator/>
                                <org.mule.common.query.expression.LessOrEqualsOperator/>
                                <org.mule.common.query.expression.EqualsOperator/>
                                <org.mule.common.query.expression.GreaterOperator/>
                                <org.mule.common.query.expression.GreaterOrEqualsOperator/>
                                <org.mule.common.query.expression.NotEqualsOperator/>
                                <org.mule.common.query.expression.LikeOperator/>
                              </supportedOperators>
                            </org.mule.common.metadata.field.property.dsql.DsqlQueryOperatorsMetaDataFieldProperty>
                            <org.mule.tooling.metadata.properties.FieldFormatProperty>
                              <width>20</width>
                              <align>LEFT</align>
                            </org.mule.tooling.metadata.properties.FieldFormatProperty>
                          </properties>
                        </metaDataFieldPropertyManager>
                      </org.mule.common.metadata.DefaultMetaDataField>
                      <org.mule.common.metadata.DefaultMetaDataField>
                        <name>Age</name>
                        <model class="org.mule.common.metadata.DefaultSimpleMetaDataModel">
                          <dataType>INTEGER</dataType>
                          <metaDataModelPropertiesManager>
                            <properties/>
                          </metaDataModelPropertiesManager>
                        </model>
                        <accessType>READ_WRITE</accessType>
                        <metaDataFieldPropertyManager>
                          <properties>
                            <org.mule.common.metadata.field.property.dsql.DsqlSelectMetaDataFieldProperty/>
                            <org.mule.common.metadata.field.property.dsql.DsqlWhereMetaDataFieldProperty/>
                            <org.mule.common.metadata.field.property.dsql.DsqlOrderMetaDataFieldProperty/>
                            <org.mule.common.metadata.field.property.dsql.DsqlQueryOperatorsMetaDataFieldProperty>
                              <supportedOperators>
                                <org.mule.common.query.expression.LessOperator/>
                                <org.mule.common.query.expression.LessOrEqualsOperator/>
                                <org.mule.common.query.expression.EqualsOperator/>
                                <org.mule.common.query.expression.GreaterOperator/>
                                <org.mule.common.query.expression.GreaterOrEqualsOperator/>
                                <org.mule.common.query.expression.NotEqualsOperator/>
                              </supportedOperators>
                            </org.mule.common.metadata.field.property.dsql.DsqlQueryOperatorsMetaDataFieldProperty>
                            <org.mule.tooling.metadata.properties.FieldFormatProperty>
                              <width>2</width>
                              <align>RIGHT</align>
                              <numberSign>OPTIONAL</numberSign>
                            </org.mule.tooling.metadata.properties.FieldFormatProperty>
                          </properties>
                        </metaDataFieldPropertyManager>
                      </org.mule.common.metadata.DefaultMetaDataField>
                      <org.mule.common.metadata.DefaultMetaDataField>
                        <name>Designation</name>
                        <model class="org.mule.common.metadata.DefaultSimpleMetaDataModel">
                          <dataType>STRING</dataType>
                          <metaDataModelPropertiesManager>
                            <properties/>
                          </metaDataModelPropertiesManager>
                        </model>
                        <accessType>READ_WRITE</accessType>
                        <metaDataFieldPropertyManager>
                          <properties>
                            <org.mule.common.metadata.field.property.dsql.DsqlSelectMetaDataFieldProperty/>
                            <org.mule.common.metadata.field.property.dsql.DsqlWhereMetaDataFieldProperty/>
                            <org.mule.common.metadata.field.property.dsql.DsqlOrderMetaDataFieldProperty/>
                            <org.mule.common.metadata.field.property.dsql.DsqlQueryOperatorsMetaDataFieldProperty>
                              <supportedOperators>
                                <org.mule.common.query.expression.LessOperator/>
                                <org.mule.common.query.expression.LessOrEqualsOperator/>
                                <org.mule.common.query.expression.EqualsOperator/>
                                <org.mule.common.query.expression.GreaterOperator/>
                                <org.mule.common.query.expression.GreaterOrEqualsOperator/>
                                <org.mule.common.query.expression.NotEqualsOperator/>
                                <org.mule.common.query.expression.LikeOperator/>
                              </supportedOperators>
                            </org.mule.common.metadata.field.property.dsql.DsqlQueryOperatorsMetaDataFieldProperty>
                            <org.mule.tooling.metadata.properties.FieldFormatProperty>
                              <width>20</width>
                              <align>LEFT</align>
                            </org.mule.tooling.metadata.properties.FieldFormatProperty>
                          </properties>
                        </metaDataFieldPropertyManager>
                      </org.mule.common.metadata.DefaultMetaDataField>
                    </fields>
                  </model>
                  <isArray>false</isArray>
                </model>
                <accessType>READ_WRITE</accessType>
                <metaDataFieldPropertyManager>
                  <properties>
                    <org.mule.common.metadata.field.property.dsql.DsqlSelectMetaDataFieldProperty/>
                    <org.mule.common.metadata.field.property.dsql.DsqlWhereMetaDataFieldProperty/>
                    <org.mule.common.metadata.field.property.dsql.DsqlOrderMetaDataFieldProperty/>
                    <org.mule.common.metadata.field.property.dsql.DsqlQueryOperatorsMetaDataFieldProperty>
                      <supportedOperators/>
                    </org.mule.common.metadata.field.property.dsql.DsqlQueryOperatorsMetaDataFieldProperty>
                    <org.mule.common.metadata.property.LabelMetaDataProperty>
                      <label>Customer - Customer</label>
                    </org.mule.common.metadata.property.LabelMetaDataProperty>
                  </properties>
                </metaDataFieldPropertyManager>
              </org.mule.common.metadata.DefaultMetaDataField>
            </fields>
          </model>
          <isArray>false</isArray>
        </model>
        <accessType>READ_WRITE</accessType>
        <metaDataFieldPropertyManager>
          <properties>
            <org.mule.common.metadata.field.property.dsql.DsqlSelectMetaDataFieldProperty/>
            <org.mule.common.metadata.field.property.dsql.DsqlWhereMetaDataFieldProperty/>
            <org.mule.common.metadata.field.property.dsql.DsqlOrderMetaDataFieldProperty/>
            <org.mule.common.metadata.field.property.dsql.DsqlQueryOperatorsMetaDataFieldProperty>
              <supportedOperators/>
            </org.mule.common.metadata.field.property.dsql.DsqlQueryOperatorsMetaDataFieldProperty>
            <org.mule.common.metadata.property.LabelMetaDataProperty>
              <label>Data - Data</label>
            </org.mule.common.metadata.property.LabelMetaDataProperty>
          </properties>
        </metaDataFieldPropertyManager>
      </org.mule.common.metadata.DefaultMetaDataField>
    </fields>
  </metadataModel>
</custom__type__definition>