<?xml version="1.0" encoding="UTF-8"?>
<mule xmlns:tracking="http://www.mulesoft.org/schema/mule/ee/tracking" xmlns="http://www.mulesoft.org/schema/mule/core" xmlns:api-platform-gw="http://www.mulesoft.org/schema/mule/api-platform-gw" xmlns:apikit="http://www.mulesoft.org/schema/mule/apikit" xmlns:doc="http://www.mulesoft.org/schema/mule/documentation" xmlns:dw="http://www.mulesoft.org/schema/mule/ee/dw" xmlns:http="http://www.mulesoft.org/schema/mule/http" xmlns:secure-property-placeholder="http://www.mulesoft.org/schema/mule/secure-property-placeholder" xmlns:spring="http://www.springframework.org/schema/beans" xmlns:xsi="http://www.w3.org/2001/XMLSchema-instance" xsi:schemaLocation="http://www.mulesoft.org/schema/mule/ee/dw http://www.mulesoft.org/schema/mule/ee/dw/current/dw.xsd
http://www.mulesoft.org/schema/mule/core http://www.mulesoft.org/schema/mule/core/current/mule.xsd
http://www.mulesoft.org/schema/mule/http http://www.mulesoft.org/schema/mule/http/current/mule-http.xsd
http://www.mulesoft.org/schema/mule/apikit http://www.mulesoft.org/schema/mule/apikit/current/mule-apikit.xsd
http://www.springframework.org/schema/beans http://www.springframework.org/schema/beans/spring-beans-3.1.xsd
http://www.mulesoft.org/schema/mule/secure-property-placeholder http://www.mulesoft.org/schema/mule/secure-property-placeholder/current/mule-secure-property-placeholder.xsd
http://www.mulesoft.org/schema/mule/api-platform-gw http://www.mulesoft.org/schema/mule/api-platform-gw/current/mule-api-platform-gw.xsd
http://www.mulesoft.org/schema/mule/ee/tracking http://www.mulesoft.org/schema/mule/ee/tracking/current/mule-tracking-ee.xsd">
    <spring:beans>
        <spring:import resource="classpath:audit_utils/auditLogging.xml" />
        <spring:import resource="classpath:exception_services/exceptionServicesV2.xml" />
    </spring:beans>
    <apikit:config name="prima-shipment-config" raml="prima-shipment.raml" consoleEnabled="false" doc:name="Router" keepRamlBaseUri="false"/>
    <secure-property-placeholder:config name="Secure_Property_Placeholder" encryptionAlgorithm="Blowfish" key="${assurant.key}" location="prima-shipment.${Env}.properties" doc:name="Secure Property Placeholder" />
    <api-platform-gw:api apiName="${api.name}" version="${api.version}" flowRef="prima-shipment-main" create="true" doc:name="API Autodiscovery" apikitRef="prima-shipment-config"/>
    <http:listener-config name="HTTP_Listener_Configuration" host="0.0.0.0" port="8081" doc:name="HTTP Listener Configuration"/>
    <flow name="prima-shipment-main">
        <http:listener config-ref="HTTP_Listener_Configuration" path="${http.prima-shipment.listener.path}" doc:name="Prima Listener" />
        <apikit:router config-ref="prima-shipment-config" doc:name="APIkit Router" />
        <exception-strategy ref="GlobalExceptionStrategy" doc:name="Reference Exception Strategy" />
    </flow>
    <flow name="get:/ping:prima-shipment-config">
        <set-variable variableName="HostName" value="#[server.host.substring(0,1)]#[(server.host.replaceAll(&quot;[a-zA-Z0-9]&quot;,'*')).substring(1,(server.host.length())-4)]#[server.host.substring(((server.host.length())-4),server.host.length())]" doc:name="Host Name" />
        <dw:transform-message doc:name="Ping Response">
            <dw:set-payload resource="classpath:dataWeave/pingResponse.dwl" />
        </dw:transform-message>
    </flow>
    
   
    <flow name="post:/shipment/booking:application/json:prima-shipment-config">
         <logger message="#[message] : Payload : #[message.payloadAs(java.lang.String)]" level="DEBUG" doc:name="Debug Log" />
        <dw:transform-message doc:name="Audit Vars">
            <dw:set-variable resource="classpath:dataWeave/bookingInboundAudit.dwl" variableName="auditLog" />
        </dw:transform-message>
        <async doc:name="Async">
            <flow-ref name="logging_flow" doc:name="logging_flow" />
        </async>
        <logger message="#[message] : Payload : #[message.payloadAs(java.lang.String)]" level="DEBUG" doc:name="Debug Log" />

        <until-successful maxRetries="${ws.prima-shipment.retryCount}" millisBetweenRetries="${ws.prima-shipment.retryInterval}" failureExpression="${ws.prima-shipment.retryFailureExpression}" doc:name="Until Successful" synchronous="true">
            <flow-ref name="booking-flow" doc:name="booking-flow" />
        </until-successful>
        <logger message="#[message] : Payload : #[message.payloadAs(java.lang.String)]" level="DEBUG" doc:name="Debug Log" />
        <choice doc:name="Http Status Code Router">
            <when expression="#[message.inboundProperties.'http.status'==200]">
                <dw:transform-message doc:name="Booking XML to JSON Transform">
                    <dw:input-payload />
                    <dw:set-payload resource="classpath:dataWeave/createBookingResponse.dwl" />
                </dw:transform-message>
            </when>
            <otherwise>
                <logger message="&quot;&quot;" level="INFO" doc:name="Logger" />
            </otherwise>
        </choice>
        <logger message="#[message] : Payload : #[message.payloadAs(java.lang.String)]" level="DEBUG" doc:name="Debug Log" />
        <dw:transform-message doc:name="Audit Log">
            <dw:set-variable resource="classpath:dataWeave/bookingOutboundAudit.dwl" variableName="auditLog" />
        </dw:transform-message>
        <async doc:name="Async">
            <flow-ref name="logging_flow" doc:name="logging_flow" />
        </async>
        <exception-strategy ref="GlobalExceptionStrategy" doc:name="Reference Exception Strategy" />
    </flow>
    <flow name="post:/shipment:application/json:prima-shipment-config">
        <logger message="#[message] : Payload : #[message.payloadAs(java.lang.String)]" level="DEBUG" doc:name="Debug Log" />
        <dw:transform-message doc:name="Audit Vars">
            <dw:set-variable resource="classpath:dataWeave/shipmentInboundAudit.dwl" variableName="auditLog" />
        </dw:transform-message>
        <async doc:name="Async">
            <flow-ref name="logging_flow" doc:name="logging_flow" />
        </async>
        <logger message="#[message] : Payload : #[message.payloadAs(java.lang.String)]" level="DEBUG" doc:name="Debug Log" />
        <dw:transform-message doc:name="Shipment JSON to XML Transform">
            <dw:set-payload resource="classpath:dataWeave/shipmentRequest.dwl" />
        </dw:transform-message>
        <until-successful maxRetries="${ws.prima-shipment.retryCount}" millisBetweenRetries="${ws.prima-shipment.retryInterval}" failureExpression="${ws.prima-shipment.retryFailureExpression}" doc:name="Until Successful" synchronous="true">
            <flow-ref name="shipment-flow" doc:name="shipment-flow" />
        </until-successful>
        <logger message="#[message] : Payload : #[message.payloadAs(java.lang.String)]" level="DEBUG" doc:name="Debug Log" />
        <choice doc:name="Http Status Code Router">
            <when expression="#[message.inboundProperties.'http.status'==200]">
                <dw:transform-message doc:name="Shipment XML to JSON Transform">
                    <dw:input-payload mimeType="application/xml" doc:sample="sample_data\CreateBookingResponse.xml" />
                    <dw:set-payload resource="classpath:dataWeave/shipmentResponse.dwl" />
                </dw:transform-message>
            </when>
            <otherwise>
                <logger message="&quot;&quot;" level="INFO" doc:name="Logger" />
            </otherwise>
        </choice>
        <logger message="#[message] : Payload : #[message.payloadAs(java.lang.String)]" level="DEBUG" doc:name="Debug Log" />
        <dw:transform-message doc:name="Audit Log">
            <dw:set-variable resource="classpath:dataWeave/shipmentOutboundAudit.dwl" variableName="auditLog" />
        </dw:transform-message>
        <async doc:name="Async">
            <flow-ref name="logging_flow" doc:name="logging_flow" />
        </async>
        <exception-strategy ref="GlobalExceptionStrategy" doc:name="Reference Exception Strategy" />
    </flow>
    <flow name="post:/shipment/status:application/json:prima-shipment-config">
        <logger message="#[message] : Payload : #[message.payloadAs(java.lang.String)]" level="DEBUG" doc:name="Debug Log" />
        <dw:transform-message doc:name="Audit Vars">
            <dw:set-variable resource="classpath:dataWeave/statusInboundAudit.dwl" variableName="auditLog" />
        </dw:transform-message>
        <async doc:name="Async">
            <flow-ref name="logging_flow" doc:name="logging_flow" />
        </async>
        <dw:transform-message doc:name="Status Request JSON to XML Transformation">
            <dw:input-payload doc:sample="sample_data\json.json" />
            <dw:set-payload resource="classpath:dataWeave/statusRequest.dwl" />
        </dw:transform-message>
        <logger message="#[message] : Payload : #[message.payloadAs(java.lang.String)] " level="DEBUG" doc:name="Debug Log" />
        <until-successful maxRetries="${ws.prima-shipment.retryCount}" millisBetweenRetries="${ws.prima-shipment.retryInterval}" synchronous="true" doc:name="Until Successful" failureExpression="${ws.prima-shipment.retryFailureExpression}">
            <flow-ref name="status-flow" doc:name="status-flow" />
        </until-successful>
        <logger message="#[message] : Payload : #[message.payloadAs(java.lang.String)]" level="DEBUG" doc:name="Debug Log" />
        <choice doc:name="HTTP Status Code Router">
            <when expression="#[message.inboundProperties['http.status'] == 200]">
                <dw:transform-message doc:name="Status Response XML to JSON Transformation">
                    <dw:input-payload doc:sample="sample_data\ShipmentStatusResponse.xml" mimeType="application/xml" />
                    <dw:set-payload resource="classpath:dataWeave/statusResponse.dwl" />
                </dw:transform-message>
            </when>
            <otherwise>
                <logger message="Status code is not 200" level="INFO" doc:name="Logger" />
            </otherwise>
        </choice>
        <logger message="#[message] : Payload : #[message.payloadAs(java.lang.String)]" level="DEBUG" doc:name="Debug Log" />
        <dw:transform-message doc:name="Audit Vars">
            <dw:set-variable resource="classpath:dataWeave/statusOutboundAudit.dwl" variableName="auditLog" />
        </dw:transform-message>
        <async doc:name="Async">
            <flow-ref name="logging_flow" doc:name="logging_flow" />
        </async>
        <exception-strategy ref="GlobalExceptionStrategy" doc:name="Reference Exception Strategy" />
    </flow>
</mule>
