<?xml version="1.0" encoding="UTF-8"?>

<mule xmlns:file="http://www.mulesoft.org/schema/mule/file" xmlns:dw="http://www.mulesoft.org/schema/mule/ee/dw" xmlns:metadata="http://www.mulesoft.org/schema/mule/metadata" xmlns:http="http://www.mulesoft.org/schema/mule/http" xmlns:context="http://www.springframework.org/schema/context" xmlns="http://www.mulesoft.org/schema/mule/core" xmlns:doc="http://www.mulesoft.org/schema/mule/documentation"
	xmlns:spring="http://www.springframework.org/schema/beans" 
	xmlns:xsi="http://www.w3.org/2001/XMLSchema-instance"
	xsi:schemaLocation="http://www.springframework.org/schema/beans http://www.springframework.org/schema/beans/spring-beans-current.xsd
http://www.mulesoft.org/schema/mule/core http://www.mulesoft.org/schema/mule/core/current/mule.xsd
http://www.mulesoft.org/schema/mule/http http://www.mulesoft.org/schema/mule/http/current/mule-http.xsd
http://www.mulesoft.org/schema/mule/file http://www.mulesoft.org/schema/mule/file/current/mule-file.xsd
http://www.mulesoft.org/schema/mule/ee/dw http://www.mulesoft.org/schema/mule/ee/dw/current/dw.xsd
http://www.springframework.org/schema/context http://www.springframework.org/schema/context/spring-context-current.xsd">
    <http:listener-config name="HTTP_Listener_Configuration" host="${http.host}" port="${http.port}" doc:name="HTTP Listener Configuration"/>
    <context:property-placeholder location="customer1.${env}.properties"/>
    <http:request-config name="HTTP_Request_Configuration" host="localhost" port="8083" doc:name="HTTP Request Configuration"/>
    <flow name="callingapiFlow">
        <http:listener config-ref="HTTP_Listener_Configuration" path="${http.path}" doc:name="HTTP" allowedMethods="GET" parseRequest="false"/>
        <logger message="#[payload]" level="INFO" doc:name="Logger"/>
        <http:request config-ref="HTTP_Request_Configuration" path="/api/v1/customer" method="GET" doc:name="HTTP"/>
        <logger message="#[payload]" level="INFO" doc:name="Logger"/>
        <dw:transform-message doc:name="Transform Message" metadata:id="c7844795-bd85-4a5f-be22-cf5ef8ab7a91">
            <dw:input-payload mimeType="application/json"/>
            <dw:set-payload><![CDATA[%dw 1.0
%output text/plain schemaPath = "C:/Users/nitikgar/Downloads/customers (1).ffd" , structureIdent = "Customers"
---
{
	Data: [{
		Customer: payload.Customer map ((customer , indexOfCustomer) -> {
			Name: customer.Name,
			Age: customer.Age,
			Designation: customer.Profession
		})
	}]
}]]></dw:set-payload>
        </dw:transform-message>
        <file:outbound-endpoint path="C:\Users\nitikgar\Desktop\Destination" responseTimeout="10000" doc:name="File Out" outputPattern="custNini.ffd"/>
    </flow>
</mule>
